,title,company,link
0,Summer 2022 Intern - Software Engineer,Salesforce,indeed.com/rc/clk?jk=3b8211eb94e3e126&fccid=4027cfd917e1ee29&vjs=3
1,new,Equifax,indeed.com/rc/clk?jk=038753f2c8d419aa&fccid=34c446722f3cf576&vjs=3
2,new,Stonebranch,indeed.com/rc/clk?jk=797085b8e2fbb3e0&fccid=468f132ff3950bcc&vjs=3
3,Software Engineering Intern,Invesco,indeed.com/rc/clk?jk=5f72d333111f0643&fccid=61e847dda35dc377&vjs=3
4,Software Developer Engineer In Test Intern (Summer 2022),Splunk,indeed.com/rc/clk?jk=a711973d930d973d&fccid=aef928e89977f7f0&vjs=3
5,Automation Software Systems - Intern,Aruba Networks,indeed.com/rc/clk?jk=5d39e74f63f8a4cc&fccid=36234d625fdcdd96&vjs=3
6,Software Engineer Intern,Lucasys,indeed.com/rc/clk?jk=feb5af998c6172d1&fccid=a88c12caa62a9924&vjs=3
7,2022 Summer Intern - Software Engineering,Cox Automotive,indeed.com/rc/clk?jk=d722c19f5c49d36b&fccid=7e465a3d521b3ac3&vjs=3
8,new,Splunk,indeed.com/rc/clk?jk=693b698e369d1229&fccid=aef928e89977f7f0&vjs=3
9,Software Engineer Intern-Atlanta,Home Depot / THD,indeed.com/rc/clk?jk=ab9d7d266d10fe47&fccid=82e58e9861d48566&vjs=3
10,Junior Software Test Specialist Intern - Summer 2022,IBM,indeed.com/rc/clk?jk=c94f02bdd4058554&fccid=de71a49b535e21cb&vjs=3
11,new,Cvent,indeed.com/rc/clk?jk=207cd291a520ca88&fccid=9e35787f589fa60f&vjs=3
12,new,IBM,indeed.com/rc/clk?jk=de710d9d90434b90&fccid=de71a49b535e21cb&vjs=3
13,Intern - Software Engineer - Summer 2022,Xylem,indeed.com/rc/clk?jk=eb250cb6dfedd24c&fccid=68ec8a8ee6cf5ac6&vjs=3
14,UPS Capital IT Developer Intern,UNITED PARCEL SERVICE,indeed.com/rc/clk?jk=8e3f562bf56d0a01&fccid=fcf465e707df52fb&vjs=3
15,BIA Summer 2022 Intern - Web Appl. Development,UNITED PARCEL SERVICE,indeed.com/rc/clk?jk=9bdf732610bf739d&fccid=fcf465e707df52fb&vjs=3
16,Intern - Software Engineer - Summer 2022,Xylem,indeed.com/rc/clk?jk=eb250cb6dfedd24c&fccid=68ec8a8ee6cf5ac6&vjs=3
17,2022 Summer Intern - Software Engineering,Cox Automotive,indeed.com/rc/clk?jk=820cbe0517ec56cf&fccid=7e465a3d521b3ac3&vjs=3
18,Front end/UI Software Engineer Intern (Remote - Summer 2022),Splunk,indeed.com/rc/clk?jk=62962db0df256360&fccid=aef928e89977f7f0&vjs=3
19,new,Profisee,indeed.com/rc/clk?jk=e2e28fe51b3ce2fb&fccid=1b1c400dab2aa1e0&vjs=3
20,Product Planning Co-Op Intern,"Mitsubishi Electric US, Inc.",indeed.com/rc/clk?jk=b08816e5dbf0854b&fccid=5c9fd319bc2040d1&vjs=3
21,Intern - End User Computing - Program Management (Summer 202...,VMware,indeed.com/rc/clk?jk=337f6a556b2c23b3&fccid=c762a27145bd166e&vjs=3
22,Functional Safety Intern,TÜV SÜD America,indeed.com/rc/clk?jk=696fb79c36f122f0&fccid=0591c2eb2748b58b&vjs=3
23,new,PRICE WATERHOUSE COOPERS,indeed.com/rc/clk?jk=a031a5ac509b6a50&fccid=5e964c4afc56b180&vjs=3
24,Undergrad Software Sales Intern (Summer 2022),New Relic,indeed.com/rc/clk?jk=bb7eaffafef7165d&fccid=ade8cd847c0482cd&vjs=3
25,"Autonomous Path Planning Developer Intern, Summer 2022",Trimble,indeed.com/rc/clk?jk=db9720cc4207666a&fccid=41ffc18dec1f58bf&vjs=3
26,Intern Tech III,Keysight Technologies,indeed.com/rc/clk?jk=c8ed5cd8b294be73&fccid=d072500b76ca23c2&vjs=3
27,Software Engineer Intern - Summer 2022,McKesson,indeed.com/rc/clk?jk=a2983a935498504d&fccid=a7c5036618407010&vjs=3
28,Tax Intern - Spring 2022,WestRock,indeed.com/rc/clk?jk=3ce1a17aede4c6e3&fccid=1f4fef55263d4309&vjs=3
29,"Software Engineer (Atlanta, GA): Intern Opportunities",Microsoft,indeed.com/rc/clk?jk=93279f5036f1928c&fccid=734cb5a01ee60f80&vjs=3
30,Summer 2022 Intern - Software Engineer,Salesforce,indeed.com/rc/clk?jk=3b8211eb94e3e126&fccid=4027cfd917e1ee29&vjs=3
31,Software Engineering Intern,Invesco,indeed.com/rc/clk?jk=5f72d333111f0643&fccid=61e847dda35dc377&vjs=3
32,Software Developer Engineer In Test Intern (Summer 2022),Splunk,indeed.com/rc/clk?jk=a711973d930d973d&fccid=aef928e89977f7f0&vjs=3
33,"Summer 2022 Intern - Software Engineer, MuleSoft",Salesforce,indeed.com/rc/clk?jk=55b2b1e5a7e88272&fccid=4027cfd917e1ee29&vjs=3
34,new,Equifax,indeed.com/rc/clk?jk=038753f2c8d419aa&fccid=34c446722f3cf576&vjs=3
35,new,Stonebranch,indeed.com/rc/clk?jk=797085b8e2fbb3e0&fccid=468f132ff3950bcc&vjs=3
36,2022 Summer Intern - Software Engineering,Cox Automotive,indeed.com/rc/clk?jk=d722c19f5c49d36b&fccid=7e465a3d521b3ac3&vjs=3
37,eCommerce Application Developer Intern - SQL,SimplePart,indeed.com/rc/clk?jk=2a8c061166dfb6f1&fccid=fbee7f9d32c7c078&vjs=3
38,Software Engineer Intern-Atlanta,Home Depot / THD,indeed.com/rc/clk?jk=ab9d7d266d10fe47&fccid=82e58e9861d48566&vjs=3
39,new,Cvent,indeed.com/rc/clk?jk=207cd291a520ca88&fccid=9e35787f589fa60f&vjs=3
40,Summer 2022 Software Developer Interns,Incident IQ,indeed.com/rc/clk?jk=562ef0c9849d07ec&fccid=9f623269e25f88c4&vjs=3
41,Junior Software Test Specialist Intern - Summer 2022,IBM,indeed.com/rc/clk?jk=c94f02bdd4058554&fccid=de71a49b535e21cb&vjs=3
42,3M HIS 3M HIS Software Development Intern,3M,indeed.com/rc/clk?jk=284e4f69f6846bd7&fccid=595d42593839d3a2&vjs=3
43,Intern - Software Engineer - Summer 2022,Xylem,indeed.com/rc/clk?jk=eb250cb6dfedd24c&fccid=68ec8a8ee6cf5ac6&vjs=3
44,new,Equifax,indeed.com/rc/clk?jk=038753f2c8d419aa&fccid=34c446722f3cf576&vjs=3
45,Product Management Internship - Summer 2022,FanDuel,indeed.com/rc/clk?jk=95e14ea35caeca53&fccid=ada833cd00ae27d8&vjs=3
46,UPS Capital IT Developer Intern,UNITED PARCEL SERVICE,indeed.com/rc/clk?jk=8e3f562bf56d0a01&fccid=fcf465e707df52fb&vjs=3
47,Student Software Developer Co-op Spring 2022 - CIPHER,Georgia Tech Research Institute,indeed.com/rc/clk?jk=b60e91124746b5dd&fccid=db25687464a9ecf6&vjs=3
48,new,Worldgroup Careers MWT,indeed.com/rc/clk?jk=11a2b91b4cac6235&fccid=e6a47b3c32c4e717&vjs=3
49,new,Momentum,indeed.com/rc/clk?jk=069285917d6cd81d&fccid=53b217ceadb8368f&vjs=3
50,Web Development Intern,Nebo Agency,indeed.com/rc/clk?jk=598941fa34eacf27&fccid=f34705e284ccac02&vjs=3
51,Remote iOS Engineering Intern,"Wakuu Enterprises, Inc.",indeed.com/rc/clk?jk=3194a514a07eeda2&fccid=ae484ef68fd82dea&vjs=3
52,Modern Applications Development Intern - Summer 2022,Mohawk Industries,indeed.com/rc/clk?jk=905a3280a70bdac2&fccid=9f623269e25f88c4&vjs=3
53,Summer 2022 Business Interns,Incident IQ,indeed.com/rc/clk?jk=854ca9d0773703a9&fccid=8c0c36f514e69596&vjs=3
54,R&D Internship- Summer 2022 - Campus,Manhattan Associates,indeed.com/rc/clk?jk=fc26109c70b36eec&fccid=e996c2d6855fe778&vjs=3
55,Summer 2022 Internship - Application Development,ADP,indeed.com/rc/clk?jk=755a780cb62a399f&fccid=cc80d5313758adb1&vjs=3
56,IT Intern,Assurant,indeed.com/rc/clk?jk=cf3739c390857456&fccid=83cbd453678ade10&vjs=3
57,Software Security Research Intern - Appsec,Micro Focus,indeed.com/rc/clk?jk=cf3739c390857456&fccid=83cbd453678ade10&vjs=3
58,Front end/UI Software Engineer Intern (Remote - Summer 2022),Splunk,indeed.com/rc/clk?jk=62962db0df256360&fccid=aef928e89977f7f0&vjs=3
59,"Intern, Cloud Engineer - Summer 2022",Avanade,indeed.com/rc/clk?jk=59557d5f68341257&fccid=5386281035076fdf&vjs=3
60,2022 Summer Intern - Software Engineering,Cox Automotive,indeed.com/rc/clk?jk=820cbe0517ec56cf&fccid=7e465a3d521b3ac3&vjs=3
61,Software Engineer Intern,ViaSat,indeed.com/rc/clk?jk=aa4e84d613884e7c&fccid=8b219f1987ef65ea&vjs=3
62,Robotics Software Engineer Internship- Fall 2021 and Beyond,Greenzie,indeed.com/rc/clk?jk=35297fd5ec392594&fccid=e59a501c2d6a52d3&vjs=3
63,new,PRICE WATERHOUSE COOPERS,indeed.com/rc/clk?jk=a031a5ac509b6a50&fccid=5e964c4afc56b180&vjs=3
64,Intern Tech III,Keysight Technologies,indeed.com/rc/clk?jk=c8ed5cd8b294be73&fccid=d072500b76ca23c2&vjs=3
65,Undergrad Software Sales Intern (Summer 2022),New Relic,indeed.com/rc/clk?jk=bb7eaffafef7165d&fccid=ade8cd847c0482cd&vjs=3
66,Intern - End User Computing - Program Management (Summer 202...,VMware,indeed.com/rc/clk?jk=337f6a556b2c23b3&fccid=c762a27145bd166e&vjs=3
67,Atlanta Internal Audit and Financial Advisory Intern - 2022,Protiviti,indeed.com/rc/clk?jk=9370093dc97349c2&fccid=d14e08fd6f4e5ebf&vjs=3
68,new,Profisee,indeed.com/rc/clk?jk=e2e28fe51b3ce2fb&fccid=1b1c400dab2aa1e0&vjs=3
69,Intern Technical IV - Master - G10123,Keysight Technologies,indeed.com/rc/clk?jk=912d8c46129d98eb&fccid=d072500b76ca23c2&vjs=3
70,Software Engineer Intern - Summer 2022,McKesson,indeed.com/rc/clk?jk=a2983a935498504d&fccid=a7c5036618407010&vjs=3
71,Software Engineer Intern,Porsche Digital Inc.,indeed.com/rc/clk?jk=90e1f9c64d7e7ba8&fccid=a21049544b02a3e9&vjs=3
